{"BdczpEuOgjRk7+3rqiWjbw==":"slide3-177x100.jpg","ErF+UiArjj7JR2/aOJWosg==":"slide3-1777x1000.jpg","K3KqA3knE+ovmB63M2rimA==":"slide3-1481x833.jpg","sHC900w5XC0mKEiKuLvBiQ==":"slide1-1-1777x1000.jpg","kRmNi77WXypZjB+q5/Av5A==":"slide2-2-1777x1000.jpg","tVmfAe3OSVZGrxHYFnRM8Q==":"pho09-258x211.png","bfGgLBNYGcaeutlcQy1rHQ==":"p(4)-258x211.png","uRS/A4MFb0MSEnChHzQ7Ug==":"%D0%A3%D0%B7%D0%BD%D0%B0%D1%82%D1%8C-%D1%86%D0%B5%D0%BD%D1%83-1920x132.png","RKgG/ErL8O4liLPwLxOGiA==":"1920-1920x1200.png","pLF4Yws5M5vNVRUGCJPBkw==":"wtyyyt%20(5)-650x503.png","nG+WrLTYEJqr+lkSvjvl7Q==":"%D1%81%D0%B0%D0%BB%D0%BE%D0%BD3-1920x1080.png","wQ0KLovnGMNEq+DSvmFeWw==":"photoeditorsdk-export%20(6)-1920x512.png","iaOFQKvcg1iSXTB3f8+JIA==":"1-616x846.jpg","HHI/carlGsbgrx4cFxI/3w==":"2-616x846.jpg","HRjxvwgSOV+tQ09YQP4/1w==":"3-616x846.jpg","Mq54pFtumCjfX8LTgZ03Ug==":"4-616x846.jpg","nS2d8rrkxtWleiZQvfOoNw==":"5-616x846.jpg","GRq9vyDCpJJaogp5C5Mdqg==":"1-400x549.jpg","xWnq0G1BKL9l9ToHa+cFrA==":"3-400x549.jpg","bSHEVRFpS9MRr8/VZVHSkQ==":"2-400x549.jpg","KvJICA6EYWaQD3TLIgZ10A==":"4-400x549.jpg","xclnBtt7erJ+ERZhsZvzjw==":"%D0%A7%D0%A2%D0%9E%20%D0%92%D0%AB%D0%A8%D0%9B%D0%9E20019-1920x512.jpg","2iyRM63vi3NVOFY4SKK+hg==":"%D0%A2%D0%9E%20%D0%A7%D0%A2%D0%9E%20%D0%9C%D0%9D%D0%95%20%D0%9D%D0%A3%D0%96%D0%9D%D0%9E-1920x512.jpg","MmKZvZ4rYK2PAwPeyBFl6g==":"%D0%A2%D0%95%D0%9C%D0%9D%D0%90%D0%AF-1920x512.jpg","5NKq1U+A8azc/gwbf1ibAg==":"5-400x549.jpg","dS9C6j6dMe2LlqluNQWLBA==":"photoeditorsdk-export%20(7)-1886x604.png","NgHw7Sn6ls+V1l0wCE+6Jg==":"rt%20778-1920x972.png","0OKpJkajkMX/5VwrjOwD8A==":"fully-1892x580.png","pQOKrK8j6vZI0w7BwIAU1g==":"0000rt%20(1)-2000x576.png","nbiDwNeudYcQa+IiXF1Zpg==":"fully98676-1892x580.png","4/7qb337UEMUponSWqRsWQ==":"54545454-2000x532.jpg","oj8kYakqUK6otmSwiLidqQ==":"%D0%BE%D1%88%D1%80%D0%B39%D1%80rt%20(7)-1920x270.png","SXQeFV8TNdJwAzLieKlEbg==":"%D0%9D%D0%98%D0%979999922222-2000x199.jpg","K3+2Udig6Mf6hKznFh1P2Q==":"%D0%9F%D0%95%D0%A0%D0%92%D0%90%D0%AF222-2000x330.jpg","Y4wzYTcLd/MocVkP0mR9gQ==":"%D0%9D%D0%9E%D0%92%D0%92%D0%92%D0%92%D0%92%D0%9E%D0%95%D0%95%D0%9D(7)-2000x130.png","8pyTceZVBLZXmHKWCp5QQA==":"%D0%90%D0%95%D0%A1%D0%9B%D0%98%20%D0%A2%D0%90%D0%9A-2000x116.png","HPkhEp/3VLsuR6CPgbkrAA==":"logo-heade-182x128.png","wjRvD+sGLSjeTyqlGZ0Z1w==":"logo66667890-182x128.png","lnv5D0RZfLZZsZcVJTvBng==":"photoeditorsdk-export%20(7)-250x210.png","aeIZ2jzSfd/jYHt3xsNaVw==":"photoeditorsdk-export%20(8)-256x210.png","4ZAVl2ZaTO3Gh+fHV/4KHQ==":"photoeditorsdk-export%20(9)-258x241.png","csErQrpBzfIt5cSECWu2Tg==":"photoeditorsdk-export%20(10)-256x210.png","GinUjFUTazkjdROaJmJuWg==":"rfrbt%20-1886x604.jpg","7L9JKUM0bGu7yRbmDB4DGA==":"p1-245x133.jpg","Be08FF47PAldK8x27XmIbQ==":"p2-245x133.jpg","GIT29Rn9UG9fsgHn/CT/og==":"p3-245x133.jpg","mSOgFqFo31uXhzdxzcixCA==":"p4-245x133.jpg","5mzq7KivSTntWfkFcHN6BQ==":"p5-245x133.jpg","ptg2o+1kUF3uWRB5QSbcxg==":"super-2000x611.jpg","IuF055dBE1xHgnDjELI8SA==":"no-tatuas-2000x576.jpg","c6CvXv4Q+9KmBZVA4CXfcA==":"tatuage-2000x576.jpg","ghgoRDE83kAQzsM+XRmC/A==":"kode-1920x1080.png","Kd0Z9PFA5IAsjqHC+AFR8A==":"original_596476cbe165c967a73f1336_59689769eafd0-520x270.jpg","WTFFpa8iMcnC1RNMd9R97Q==":"541083019_w640_h640-540801-640x363.jpg","w/qx/UvLCKgIaTkG6Wpz/w==":"1920-1-1920x1200.png","5HxSEOoZnv3tFAGkXYMKUQ==":"541080101_w640_h640-540795-600x367.jpg","g5Cz3LmeGgCnY5vITYfgBA==":"541082611_w640_h640-540798-600x443.jpg","47GL3N/WdFlWOnCc2WSA8g==":"541083019_w640_h640-540801-600x340.jpg","3d7G04dvIx403I4W8oYcrQ==":"541082127_w640_h640-540797-489x254.jpg","vdZA3im3Q0K5peSoaVq4ng==":"%D0%91%D0%B5%D0%B7%20%D0%BD%D0%B0%D0%B7%D0%B2%D0%B0%D0%BD%D0%B8%D1%8F-265x190.jpg","x4md4hPAo8B268tjtUrlnA==":"original_596476cbe165c967a73f1336_5968976fbd4bb-520x270.jpg","xj/ayTgg3ONmbQIXdfdjEg==":"dsc03682-600x402.jpg","zq7DrBxWgsQQJLzwy1ydRA==":"original_596476cbe165c967a73f1336_59689769eafd0-1-520x270.jpg","bfEp2StsCxYkRcXueHGLXQ==":"img_2023-06-03-19-07-13%20(1)-750x1334.png","V0cmVUVpgGcU4cjefp2fJw==":"%D0%9F%D1%80%D0%B8%D0%BC%D0%B5%D1%80-1920x1080.png","LwXipQM7G872+o1wrbWy5w==":"ralph-and-russo-wedding-dress-meghan-markle-e1525576400667-600x556.png","1WKQ/ry680qxMDrAwHSNFQ==":"photoeditorsdk-export%20(13)-1886x554.png","qJ31OOybjUS2wtFXXprRsA==":"1920-2-1920x1200.png","VZfuMH/efkO5loGRbuVi8w==":"img_2023-06-03-19-07-13%20(1)-750x1334.png","cb5bu1Z8p45WKtYOtehrEQ==":"img_2023-06-03-19-07-13%20(1)-750x1334.png","kFmm99gi6ZOf9dEgu3299Q==":"ditorsdk-export%20(16)-750x1201.png","OBJV7Bsjf9vbvdILNzMm/w==":"6547477777777_2%20-%20%D0%BA%D0%BE%D0%BF%D0%B8%D1%8F-616x846.jpg","d+o6p6AkTb66GBssb3Hicg==":"colorss-2000x576.jpg","Svvux1HRNnP+uW2SCTVRQg==":"coooolsssss2019-2000x576.jpg","CPmz0S6A3KAh0G/b1lq2jw==":"wtyyyt-650x503.jpg","NfKrNzcAFreA71giMmEKNA==":"-1920x512.jpg","noTg8nyMPpQ0/wVm0Ru9/w==":"-1-1920x512.jpg","Oc6/v7bZiNxMalKvIT5G+w==":"-2-1920x512.jpg","8GZQ8qFFrhhKo4ICSEsSMQ==":"222-2000x330.jpg","wacQelDLDQkySm9EzRTUbg==":"9999922222-2000x199.jpg","IzUf9OYlMARU51NGFDF6UA==":"0989-2000x199.jpg","6NRkv85LgLqrF1biz8meZg==":"222-1-2000x330.jpg","V2LFduGuAmmqOzLVxRM1SA==":"photoeditorsdk-export-13-1886x554.jpg","pPRpnAjDecJoNk82vl373w==":"789666-1886x554.jpg","5UWatL1FRHpizxvXCwIy3w==":"0989-tessssteddd-2000x199.jpg","Z200nO1t0EiscwrCoErBUw==":"1-1886x554.jpg","RwQE+uOIJDCeWAaSNsGbgA==":"%D0%9C%D0%9E%D0%96%D0%95%D0%A2%20%D0%AD%D0%A2%D0%A3-2000x576.jpg","KoX/dakNEy6/IURRDr4IjA==":"pho09-1-258x211.png","dQ9fi7gBHczPdTBgasxCig==":"instagram-background.jpg","khlLoHapLffv04vohNzhaQ==":"rt-779-1920x972.png","6p7eGy4z6I/RplLCLWK4AA==":"mbr-1625x1080.jpg","ihY8f2QVb/lt+Ov78h3dtg==":"mbr-1631x1080.jpg","RQPtbnRHZ8fHcbAxa7Ui8A==":"mbr-717x1080.jpg","16ujfXux5ocMgMEbQVdu8Q==":"mbr-608x1080.jpg","OQr3dD3/ZlGyFkiokh2d9g==":"ralph-and-russo-wedding-dress-meghan-markle-e1525576400667-1-600x556.png","iWG9GdMVw+Yfe2crGbq8dw==":"mbr-1620x1080.jpg","o+QTmBX55cWoLhHXd2RVuQ==":"apparatnaia-kosmetologiia-1-800x515.jpg","kMOQhBccHnDWfc/Yy0VJ/w==":"1%20ov4u1qg9yz53qs8qj7rqww-1200x617.jpg","WloCtu8tv7DccoMOD8lt8A==":"0(1)-2000x576.jpg","euQBAgDW+OpdxAt/IO2vog==":"tatuage-2000x576(1)-2000x576.jpg","yl4Vam3+C6ow5C5B3KTSbQ==":"tatuage-2000x576.jpg","Zh+thIlq7krw4ZsBAKCwQw==":"00-2000x576.jpg","Tbc5CCaNo3H6NWbYgkXvxw==":"00-1-2000x576.jpg","eAgq8/gSSOnSZnC6XGUraA==":"00-2000x576.jpg","jUgERBGwh4JhXt3GegX85Q==":"screenshot-640x307.png","Yw18X9K1hu/V48AhPOpfZg==":"young-lady-scratching-head-in-casual-shirt-and-looking-pensive-2000x1333.jpg","SbUK75Ln3CDKV0cB+vyhMA==":"young-female-pointing-at-camera-in-beige-tank-top-and-looking-confident-front-view-2000x1333.jpg","bo+OoslJIW6zz79SySNxTw==":"1-1-1886x554.jpg","YZp6vji9vDy+z2AkSwkjzg==":"rt-780-1920x972.png","4gqdr5q5dMymi7YDVb6+WA==":"1920-3-1920x1200.png","Fu7ltzozZWLwYcWk9lQjyg==":"1-2-1886x554.jpg","NCF1u94hDVm8bYdi/vmcfQ==":"0989-tessssteddd-1-2000x199.jpg","R9xDgS0moKPiqqR1Be9g0A==":"2-1-1920x512.jpg","bWOdP/AGgdQFvSYb/frCCA==":"00-1-2000x576.jpg","hCK3cAO3bsZOYkD18XDUPg==":"1-ov4u1qg9yz53qs8qj7rqww-1200x617.jpeg","WMm3CZr50e3cZDDgtHRfSw==":"6547477777777-3-616x846.jpg","JdlNPh7UpenpQPlb42gbJw==":"ralph-and-russo-wedding-dress-meghan-markle-e1525576400667-1-600x556.png","XUw8wURxFHTo0WOth7ZGOg==":"0_ab8a6_9b095f4d_orig.gif","11l0ew5X6UENHJhuhqsSyg==":"kisspng-beauty-parlour-nail-salon-wall-decal-sticker-5aff499e78d306.7814249015266799664949-260x260.jpg","4XBS7gxTIIfYk35L1tk7Ig==":"0_99fd7_e9382510_orig-1400x1578.png","00XReC7v2pr5EbgIXXTv+Q==":"giphy-47.gif","Ij+xxJ3BH2b2KV0UWD8iig==":"anmaca.gif","sOJ1nFGjGRScWWZYdWegJg==":"120982399_5640974_.gif","fR/hOOWRQM9pprVjxeUtRQ==":"kometologie.gif","QPBCI7D7gCapg0ODMGRncw==":"images%20(1)-244x206.jpg","Spoxi3MDbq+Va5PeTgkP+A==":"32240165-240x205.jpg","86w6eAcERo2ssVYP6pTQqQ==":"babochkavizitka-800x572.png","lmNFARkHfXITCmWC0BSq2w==":"gratis-png-extensiones-de-pestanas-medicina-estetica-cosmetologia-exfoliacion-con-toxina-botulinica-inspirado-thumbnail-370x383.png","LSXgn3iB7n/umjqEqgbWww==":"png-clipart-eyelash-extensions-eyebrow-face-beauty-visage-face-cosmetology-900x476.png","DhHVx3P79H4RBDeMGtpR/Q==":"unnamed%20(2).gif","Y2t9OKxKlGfdYeVhmI81mg==":"gratis-png-salon-de-belleza-etiqueta-de-la-pared-etiqueta-peinado-peluqueria-thumbnail-370x370.png","RpAwSztePtAAAqXIMthDFQ==":"unnamed-276x399.png","lBbHz056Wz4BHySicrh4lA==":"%D0%BA%D0%BE%D1%81%D0%BC%D0%B5%D1%82%D0%BE%D0%BB%D0%BE%D0%B3%D0%B8%D1%8F_%D0%B8%D0%BA%D0%BE%D0%BD%D0%BA%D0%B0-855x600.png","yazXiaQNNvCSRstmrmodkA==":"orig.gif","xESkfKIXaoScA4NR0dKRMg==":"unnamed%20(1).gif","+ySZmud7THhF8cl1l1cQpw==":"gratis-png-mujer-sosteniendo-macarrones-franceses-cosmetologia-salon-de-belleza-cosmeticos-unas-arte-depilacion-890x356.png","+8Thj41Iz/MTBaT+li2gEw==":"skolko-stoit-krasota-po-novgorodski-rassledovanie-vn-750x600.jpg","uqqrs3gezFDbK14xnisFkw==":"gratis-png-cosmetica-maquillaje-rimel-cosmetologia-belleza-modelo-piel-890x593.png","r2PBVVEV0eYq3DebCtNwPw==":"top-bg-3-1600x600.jpg","vcAXDqOWS7uBbJPNTCXQNA==":"images-290x174.jpg","2JrKlUNbaNc6oDEwLntD8g==":"unnamed.gif","H9ASeHqqgBqZVWLPNYGCTA==":"png-clipart-beauty-parlour-manicure-barber-cosmetology-hair-black-hair-cosmetology-900x500.png","vstRjMGJdFpv2ySqudfn4g==":"tatteredbaredogwoodclubgall-size_restricted.gif","rHCZY8kHqifo46YmwzFt+w==":"gratis-png-cara-belleza-cosmetica-crema-antiedad-facial-cara-890x600.png","nMntStnwPUyojYhLfPx7AQ==":"png-clipart-hair-coloring-beauty-parlour-hair-care-hair-black-hair-cosmetology-900x581.png","cxR8YUe9tEVCXuIvgfed3g==":"slide-9-1024x767.jpg","TuqfVqKBRQJy4f+mlsjIXw==":"untitled-4-580x340.jpg","jkSQF/bdvN8szvlGcei4XQ==":"young-female-pointing-at-camera-in-beige-tank-top-and-looking-confident-front-view-1400x933.jpg","Fv/QgzFMbDBgF0T4FlaTbg==":"skolko-stoit-krasota-po-novgorodski-rassledovanie-vn-1-750x600.jpg","nxpHmeWrxWNf+1hRxq5iFg==":"photoeditorsdk-export-14-1886x554.jpg","z0tnKV8X7U83zjo4JCvVBw==":"instafeed-logo.png"}